Model,MSE,MAE,RMSE,R2,Train Size,Test Size
All Data,149.83257532836743,8.008418385658716,12.240611721983809,0.9231200218200684,3209322,802331
Has Noise and Probend,279.44176135350324,11.024551398309058,16.71651163830251,0.8558636903762817,802360,200590
Has Noise,183.57140907542913,8.399820611897796,13.548852684837529,0.9058287143707275,1604720,401180
Has Probend,199.47764676678545,9.178072676415399,14.123655573780658,0.8976688385009766,1604720,401180
"No Noise, No Probend",36.44843992701023,4.355874017490349,6.0372543367834215,0.9812912940979004,802242,200561
"No Noise, Has Probend",98.9967335157291,6.585568789176975,9.949710222701418,0.9489374160766602,802360,200590
"Has Noise, No Probend",68.85281776015961,5.098849541890962,8.297759803715676,0.9644856452941895,802360,200590
